Word,Frequency
easy,16
like,15
feel,13
view,11
good,10
show,10
place,10
see,10
look,9
dubai,8
nice,8
give,7
visit,7
interesting,7
destination,7
quality,7
location,7
clear,7
image,6
great,6
city,6
explore,6
different,6
detailed,6
information,6
photo,6
want,6
able,5
beautiful,5
tour,5
fun,5
video,5
technology,4
make,4
experience,4
ability,4
scene,4
cool,4
click,4
navigate,4
high,4
many,3
attraction,3
feature,3
option,3
site,3
amazing,3
helpful,3
interactive,3
way,3
help,3
shot,3
idea,3
beauty,3
landmark,3
picture,3
immersive,3
time,3
panoramic,3
allow,3
viewpoint,2
unique,2
seem,2
available,2
ease,2
steady,2
area,2
movement,2
attractive,2
useful,2
visualize,2
spot,2
search,2
aerial,2
take,2
vivid,2
eye,2
exciting,2
variety,2
tech,2
life,2
jump,2
guide,2
detail,2
new,2
control,2
immerse,2
love,2
building,2
space,2
fly,2
hotel,2
incredible,2
zoom,2
person,2
clean,2
icon,2
smooth,2
pick,2
provide,2
degree,2
big,1
lose,1
certain,1
world,1
track,1
find,1
insight,1
importance,1
type,1
layout,1
bird,1
list,1
realistic,1
adventurous,1
rotate,1
past,1
ultra,1
resource,1
scenery,1
lapse,1
description,1
people,1
decide,1
gorgeous,1
computer,1
photography,1
access,1
impress,1
accomodation,1
tourist,1
sit,1
watch,1
offer,1
insightful,1
simple,1
possibility,1
compare,1
travel,1
appreciate,1
room,1
scenic,1
point,1
pretty,1
loading,1
huge,1
enjoy,1
snappy,1
innovative,1
mark,1
english,1
move,1
translation,1
stunning,1
viewing,1
mode,1
put,1
website,1
imagine,1
choose,1
various,1
specific,1
impressive,1
thorough,1
comprehensive,1
celebrate,1
success,1
venue,1
learn,1
alot,1
shoot,1
advantage,1
consider,1
scale,1
breath,1
check,1
invite,1
breathtaking,1
exist,1
sweet,1
dream,1
slow,1
activity,1
sight,1
regard,1
anxiety,1
unknown,1
decent,1
selection,1
lighting,1
fluid,1
robust,1
nighttime,1
daytime,1
virtual,1
transition,1
neat,1
intigue,1
first,1
confuse,1
second,1
screen,1
museum,1
beach,1
think,1
catch,1
float,1
try,1
physical,1
pace,1
muplitple,1
note,1
draw,1
panning,1
highlight,1
important,1
quick,1
unresponsive,1
town,1
excellent,1
tool,1
choice,1
info,1
feedback,1
need,1
glitching,1
link,1
opinion,1
plan,1
itenerary,1
breathtake,1
lobby,1
street,1
graphic,1
top,1
visual,1
hollistic,1
form,1
luxury,1
convenient,1
display,1
crisp,1
resolution,1
sneak,1
peak,1
mutiple,1
vista,1
capture,1
planning,1
appeal,1
trip,1
present,1
turn,1
head,1
footage,1
wide,1
full,1
informative,1
vacation,1
