Word,Frequency
easy,11
like,10
view,9
good,8
destination,6
quality,6
photo,6
dubai,5
feel,5
see,5
city,5
fun,5
different,5
tour,5
great,5
nice,4
place,4
image,4
explore,4
able,4
visit,4
time,3
click,3
feature,3
high,3
beautiful,3
option,3
detailed,3
attraction,3
site,3
many,3
ability,3
information,3
show,3
attractive,2
idea,2
allow,2
visualize,2
give,2
degree,2
navigate,2
seem,2
location,2
clean,2
technology,2
helpful,2
control,2
incredible,2
way,2
picture,2
vivid,2
love,2
provide,2
search,2
interactive,2
interesting,2
clear,2
scene,2
spot,2
detail,2
aerial,2
cool,2
landmark,2
experience,2
take,2
viewpoint,2
building,2
video,2
jump,2
want,2
guide,2
make,2
hotel,2
various,1
comprehensive,1
alot,1
impressive,1
venue,1
fly,1
pick,1
choose,1
celebrate,1
specific,1
life,1
success,1
thorough,1
huge,1
learn,1
lose,1
simple,1
insightful,1
amazing,1
innovative,1
unique,1
move,1
track,1
zoom,1
adventurous,1
exciting,1
lapse,1
big,1
gorgeous,1
scenery,1
panoramic,1
appreciate,1
mark,1
room,1
sit,1
watch,1
offer,1
possibility,1
compare,1
travel,1
scenic,1
loading,1
point,1
pretty,1
variety,1
enjoy,1
impress,1
snappy,1
imagine,1
access,1
website,1
importance,1
certain,1
tourist,1
advantage,1
consider,1
immerse,1
visual,1
top,1
immersive,1
graphic,1
street,1
lobby,1
breathtake,1
itenerary,1
plan,1
link,1
unresponsive,1
glitching,1
smooth,1
tech,1
need,1
feedback,1
info,1
shot,1
choice,1
movement,1
ease,1
tool,1
world,1
type,1
put,1
past,1
mode,1
viewing,1
stunning,1
translation,1
english,1
accomodation,1
find,1
insight,1
layout,1
useful,1
list,1
realistic,1
ultra,1
excellent,1
description,1
new,1
icon,1
photography,1
eye,1
bird,1
rotate,1
computer,1
decide,1
people,1
help,1
available,1
resource,1
vacation,1
